Volounteer ID,First name ,Second name ,Phone ,Camp ID,Avability 
1,Mike,Smith ,+441234567,A1,15h 
2,Jane,Smith ,+449876543,A1,40h
3,Meghan,Brown ,+441312456,A2,10h
4,Sam ,Richards,+446745891,A1,30h
5,Amber,Robinson ,+448967124,A2,17h
6,Alex,Gold,+445689541,A2,8h
7,Henry,Vincent,+445897352,A1,33h
8,Jessica ,Vincent,+442356789,A1,18h
9,George ,Thompson ,+445612345,A1,10h
10,Emily,Jones,+445612346,A1,10h
11,Sophie,Taylor,+445612347,A1,10h
12,William,Owen,+445612348,A1,10h
13,Harry,Holmes,+445612349,A2,10h
14,Jane,Bishop,+445612350,A1,10h
15,Michael,Cooke,+445612351,A2,10h
16,William,Roberts,+445612352,A1,12h
17,Steven,White,+445612353,A1,12h
18,Catherine,Hall,+445612354,A2,12h
19,Charlotte,Dixon,+445612355,A2,12h
20,Mike,Wright,+445612356,A1,12h
21,Anthony,Cross,+445612357,A2,12h
22,Poppy,Ward,+445612358,A1,40h
23,Dominic,Clark,+445612359,A1,40h
24,Catherine,Harper,+445612360,A2,40h
25,Max,Day,+445612361,A2,40h
26,Emily,Brooks,+445612362,A2,40h
27,Susan,Turner,+445612363,A2,40h
28,Sarah,Martin,+445612364,A3,40h
29,Charlotte,Lee,+445612365,A1,5h
30,Tom,Phillips,+445612366,A1,3h
31,Harry,Ford,+445612367,A1,12h
32,Michael,Stewart,+445612368,A1,18h
33,Jessica ,Sharp,+445612369,A1,18h
34,Violet,Osborne,+445612370,A1,18h
35,Amber,Moore,+445612371,A1,18h
36,Oscar,Bennett,+445612372,A1,18h
37,Scarlett,Price,+445612373,A1,18h
38,Hannah,Ross,+445612374,A1,18h
39,Alex,Green,+445612375,A1,7h
40,Greg,Barker,+445612376,A1,7h
41,Marcus,Walton,+445612377,A1,7h
42,Simone,Payne,+445612378,A1,7h
43,Sophie,Fox,+445612379,A1,7h